insert into client (id, name, surname, email, street, city, post_code, phone_number, date_of_birth) values (1, 'Myca', 'Keary', 'mkeary0@lulu.com', 'Center', 'Puszczykowo', '62-040', '48-(383)466-9532', '1973-06-20');
insert into client (id, name, surname, email, street, city, post_code, phone_number, date_of_birth) values (2, 'Jules', 'Gothard', 'jgothard1@usgs.gov', 'Avenue', 'Jakubowice Murowane', '21-003', '48-(313)264-6206', '1983-03-25');
insert into client (id, name, surname, email, street, city, post_code, phone_number, date_of_birth) values (3, 'Rex', 'Musk', 'rmusk2@google.co.uk', 'Center', 'Rio Covo', '4755-463', '351-(701)923-4874', '1977-05-12');
insert into client (id, name, surname, email, street, city, post_code, phone_number, date_of_birth) values (4, 'Hayyim', 'Brewin', 'hbrewin3@yolasite.com', 'WallPark', 'Guazacapán', '06011', '502-(271)271-7154', '1975-01-05');
insert into client (id, name, surname, email, street, city, post_code, phone_number, date_of_birth) values (5, 'Leontyne', 'Duffield', 'lduffield4@meetup.com', 'JanaCourt', 'Las Minas', '34534', '507-(343)531-3136', '1977-01-09');
insert into client (id, name, surname, email, street, city, post_code, phone_number, date_of_birth) values (6, 'Noella', 'Getcliffe', 'ngetcliffe5@booking.com', 'MeadowValeTerrace', 'Yerazgavors', '34534', '374-(441)569-5077', '1988-08-04');
insert into client (id, name, surname, email, street, city, post_code, phone_number, date_of_birth) values (7, 'Lira', 'Skull', 'lskull6@ftc.gov', '5983 Towne Terrace', 'JardimdaSerra', '9325-124', '351-(635)615-4300', '1972-05-18');
insert into client (id, name, surname, email, street, city, post_code, phone_number, date_of_birth) values (8, 'Claybourne', 'Bohlin', 'cbohlin7@mediafire.com', 'BadeauPass', 'Qitai', '34534', '86-(677)105-9841', '1980-11-30');
insert into client (id, name, surname, email, street, city, post_code, phone_number, date_of_birth) values (9, 'Fergus', 'Maundrell', 'fmaundrell8@tuttocitta.it', 'ClarendonCircle', 'Clermont-Ferrand', '63964', '33-(565)241-3617', '1971-03-15');
insert into client (id, name, surname, email, street, city, post_code, phone_number, date_of_birth) values (10, 'Geneva', 'Brunone', 'gbrunone9@telegraph.co.uk', 'CoolidgePlaza', 'Carleton Place', 'K7C', '1-(872)396-6637', '1979-09-30');
insert into client (id, name, surname, email, street, city, post_code, phone_number, date_of_birth) values (11, 'Ruperta', 'Crossthwaite', 'rcrossthwaitea@qq.com', 'RiederHill', 'Sharqīyah', '34534', '970-(121)426-6209', '1979-01-13');
insert into client (id, name, surname, email, street, city, post_code, phone_number, date_of_birth) values (12, 'Calvin', 'Cyster', 'ccysterb@ucla.edu', 'ForestCourt', 'Petřvald', '735 41', '420-(290)656-0426', '1987-01-09');
insert into client (id, name, surname, email, street, city, post_code, phone_number, date_of_birth) values (13, 'Lilias', 'Leftley', 'lleftleyc@bing.com', 'LillianPark', '‘Izbat al Burj', '64534', '20-(165)210-5553', '1975-02-11');
insert into client (id, name, surname, email, street, city, post_code, phone_number, date_of_birth) values (14, 'Heddie', 'Saddleton', 'hsaddletond@uiuc.edu', 'ServicePoint', 'Giade', '54534', '234-(107)791-1408', '1967-10-23');
insert into client (id, name, surname, email, street, city, post_code, phone_number, date_of_birth) values (15, 'Base', 'Dhenin', 'bdhenine@sohu.com', 'BeilfussLane', 'Pindushi', '186323', '7-(976)796-8761', '1986-09-10');
insert into client (id, name, surname, email, street, city, post_code, phone_number, date_of_birth) values (16, 'Dionne', 'Veitch', 'dveitchf@360.cn', 'OakParkway', 'Sanli', '74534', '86-(986)956-5417', '1985-09-20');
insert into client (id, name, surname, email, street, city, post_code, phone_number, date_of_birth) values (17, 'Salomone', 'Dingivan', 'sdingivang@unesco.org', 'KilldeerCrossing', 'Qiawan', '84534', '86-(960)654-3261', '1968-11-30');
insert into client (id, name, surname, email, street, city, post_code, phone_number, date_of_birth) values (18, 'Betteanne', 'Gunbie', 'bgunbieh@sitemeter.com', 'GarrisonCourt', 'Xiamazhuang', '34534', '86-(413)445-0343', '1973-12-30');
insert into client (id, name, surname, email, street, city, post_code, phone_number, date_of_birth) values (19, 'Christin', 'Ridges', 'cridgesi@kickstarter.com', 'MilwaukeeJunction', 'Banjar Tengah', '94534', '62-(616)462-7763', '1965-06-14');
insert into client (id, name, surname, email, street, city, post_code, phone_number, date_of_birth) values (20, 'Germana', 'GiacobbiniJacob', 'ggiacobbinijacobj@gmpg.org', 'TobanWay', 'Bahui', '23434', '86-(495)320-0486', '1962-09-28');



insert into product (id, margin, name, price) values (1, 23.78, 'Sandwich Wrap', 3798);
insert into product (id, margin, name, price) values (2, 32.78, 'Pasta - Cheese / Spinach Bauletti', 2364);
insert into product (id, margin, name, price) values (3, 37.97, 'Appetizer - Sausage Rolls', 6107);
insert into product (id, margin, name, price) values (4, 31.93, 'Pork - Bacon,back Peameal', 6666);
insert into product (id, margin, name, price) values (5, 14.4, 'Cheese - Wine', 4527);
insert into product (id, margin, name, price) values (6, 20.48, 'Nougat - Paste / Cream', 2664);
insert into product (id, margin, name, price) values (7, 31.18, 'Muffin - Mix - Strawberry Rhubarb', 9022);
insert into product (id, margin, name, price) values (8, 41.31, 'Crab Brie In Phyllo', 8428);
insert into product (id, margin, name, price) values (9, 19.16, 'Zucchini - Mini, Green', 6254);
insert into product (id, margin, name, price) values (10, 43.9, 'Wine - German Riesling', 6522);
insert into product (id, margin, name, price) values (11, 35.24, 'Pork - Back Ribs', 8164);
insert into product (id, margin, name, price) values (12, 6.83, 'Carbonated Water - Strawberry', 2455);
insert into product (id, margin, name, price) values (13, 8.32, 'Skirt - 29 Foot', 4035);
insert into product (id, margin, name, price) values (14, 16.39, 'Longos - Grilled Veg Sandwiches', 3372);
insert into product (id, margin, name, price) values (15, 11.29, 'Turkey - Oven Roast Breast', 9184);
insert into product (id, margin, name, price) values (16, 32.91, 'Longos - Burritos', 9765);
insert into product (id, margin, name, price) values (17, 20.29, 'Compound - Raspberry', 6022);
insert into product (id, margin, name, price) values (18, 5.15, 'Cheese - Ermite Bleu', 6519);
insert into product (id, margin, name, price) values (19, 28.55, 'French Pastries', 4902);
insert into product (id, margin, name, price) values (20, 28.97, 'Sausage - Chorizo', 9102);
insert into product (id, margin, name, price) values (21, 40.34, 'Island Oasis - Cappucino Mix', 5504);
insert into product (id, margin, name, price) values (22, 22.36, 'Dasheen', 5930);
insert into product (id, margin, name, price) values (23, 19.61, 'Steampan - Foil', 4775);
insert into product (id, margin, name, price) values (24, 21.27, 'Soup Campbells Beef With Veg', 5204);
insert into product (id, margin, name, price) values (25, 2.07, 'Sauce - Soy Low Sodium - 3.87l', 1507);
insert into product (id, margin, name, price) values (26, 6.5, 'Tumeric', 1861);
insert into product (id, margin, name, price) values (27, 36.76, 'Langers - Ruby Red Grapfruit', 2578);
insert into product (id, margin, name, price) values (28, 47.17, 'Pepper - Red Bell', 1844);
insert into product (id, margin, name, price) values (29, 6.39, 'Salt - Seasoned', 4130);
insert into product (id, margin, name, price) values (30, 27.74, 'Wine - Niagara Peninsula Vqa', 8805);
insert into product (id, margin, name, price) values (31, 38.05, 'Glycerine', 9169);
insert into product (id, margin, name, price) values (32, 30.53, 'Potatoes - Yukon Gold 5 Oz', 2442);
insert into product (id, margin, name, price) values (33, 38.53, 'Cheese - Goat With Herbs', 8164);
insert into product (id, margin, name, price) values (34, 5.93, 'Horseradish - Prepared', 8533);
insert into product (id, margin, name, price) values (35, 40.37, 'Yoplait Drink', 5583);
insert into product (id, margin, name, price) values (36, 21.53, 'Cheese - Comtomme', 9072);
insert into product (id, margin, name, price) values (37, 42.84, 'Asparagus - Green, Fresh', 2056);
insert into product (id, margin, name, price) values (38, 17.22, 'Cod - Salted, Boneless', 6824);
insert into product (id, margin, name, price) values (39, 33.46, 'Soup Campbells Mexicali Tortilla', 4606);
insert into product (id, margin, name, price) values (40, 49.4, 'Wine - Clavet Saint Emilion', 8750);
insert into product (id, margin, name, price) values (41, 34.14, 'Bread - Raisin', 5565);
insert into product (id, margin, name, price) values (42, 29.73, 'Red Currants', 4210);
insert into product (id, margin, name, price) values (43, 19.23, 'Bread Ww Cluster', 3669);
insert into product (id, margin, name, price) values (44, 19.63, 'Sausage - Blood Pudding', 9809);
insert into product (id, margin, name, price) values (45, 34.66, 'Cookies - Oreo, 4 Pack', 7476);
insert into product (id, margin, name, price) values (46, 13.23, 'Lotus Rootlets - Canned', 5471);
insert into product (id, margin, name, price) values (47, 49.16, 'Cookie Dough - Chunky', 6950);
insert into product (id, margin, name, price) values (48, 14.88, 'Capicola - Hot', 1569);
insert into product (id, margin, name, price) values (49, 45.62, 'Hersey Shakes', 1737);
insert into product (id, margin, name, price) values (50, 21.11, 'Stock - Veal, White', 4768);


insert into transaction (id, client_id, status, date_of_order) values (1, 20, 'Done', '2016-09-11');
insert into transaction (id, client_id, status, date_of_order) values (2, 11, 'Done', '2017-03-16');
insert into transaction (id, client_id, status, date_of_order) values (3, 5, 'Done', '2016-12-07');
insert into transaction (id, client_id, status, date_of_order) values (4, 7, 'Done', '2017-01-31');
insert into transaction (id, client_id, status, date_of_order) values (5, 7, 'Done', '2017-04-11');
insert into transaction (id, client_id, status, date_of_order) values (6, 4, 'Done', '2016-11-17');
insert into transaction (id, client_id, status, date_of_order) values (7, 9, 'Done', '2017-08-16');
insert into transaction (id, client_id, status, date_of_order) values (8, 18, 'Done', '2016-12-04');
insert into transaction (id, client_id, status, date_of_order) values (9, 12, 'Done', '2016-11-14');
insert into transaction (id, client_id, status, date_of_order) values (10, 4, 'Done', '2017-03-09');
insert into transaction (id, client_id, status, date_of_order) values (11, 13, 'Done', '2017-04-02');
insert into transaction (id, client_id, status, date_of_order) values (12, 13, 'Done', '2016-10-14');
insert into transaction (id, client_id, status, date_of_order) values (13, 17, 'Done', '2017-02-12');
insert into transaction (id, client_id, status, date_of_order) values (14, 4, 'Done', '2016-10-30');
insert into transaction (id, client_id, status, date_of_order) values (15, 2, 'Canceled', '2016-12-10');
insert into transaction (id, client_id, status, date_of_order) values (16, 8, 'Canceled', '2017-04-14');
insert into transaction (id, client_id, status, date_of_order) values (17, 7, 'Canceled', '2017-04-19');
insert into transaction (id, client_id, status, date_of_order) values (18, 15, 'Canceled', '2017-03-28');
insert into transaction (id, client_id, status, date_of_order) values (19, 10, 'Canceled', '2017-04-30');
insert into transaction (id, client_id, status, date_of_order) values (20, 1, 'Canceled', '2017-07-21');
insert into transaction (id, client_id, status, date_of_order) values (21, 19, 'Canceled', '2017-06-02');
insert into transaction (id, client_id, status, date_of_order) values (22, 11, 'Canceled', '2017-06-15');
insert into transaction (id, client_id, status, date_of_order) values (23, 19, 'Canceled', '2017-02-06');
insert into transaction (id, client_id, status, date_of_order) values (24, 19, 'Canceled', '2017-03-20');
insert into transaction (id, client_id, status, date_of_order) values (25, 1, 'Canceled', '2017-01-29');
insert into transaction (id, client_id, status, date_of_order) values (26, 5, 'Canceled', '2017-04-14');
insert into transaction (id, client_id, status, date_of_order) values (27, 17, 'Canceled', '2016-08-29');
insert into transaction (id, client_id, status, date_of_order) values (28, 4, 'Canceled', '2016-09-30');
insert into transaction (id, client_id, status, date_of_order) values (29, 12, 'Canceled', '2017-01-16');
insert into transaction (id, client_id, status, date_of_order) values (30, 10, 'Canceled', '2016-10-10');
insert into transaction (id, client_id, status, date_of_order) values (31, 18, 'Canceled', '2017-03-06');
insert into transaction (id, client_id, status, date_of_order) values (32, 11, 'Canceled', '2017-01-14');
insert into transaction (id, client_id, status, date_of_order) values (33, 20, 'Canceled', '2016-12-31');
insert into transaction (id, client_id, status, date_of_order) values (34, 19, 'Canceled', '2017-06-19');
insert into transaction (id, client_id, status, date_of_order) values (35, 18, 'Canceled', '2017-01-10');
insert into transaction (id, client_id, status, date_of_order) values (36, 17, 'WaitingForPayment', '2017-03-21');
insert into transaction (id, client_id, status, date_of_order) values (37, 2, 'WaitingForPayment', '2017-04-27');
insert into transaction (id, client_id, status, date_of_order) values (38, 9, 'WaitingForPayment', '2017-05-04');
insert into transaction (id, client_id, status, date_of_order) values (39, 17, 'WaitingForPayment', '2016-09-13');
insert into transaction (id, client_id, status, date_of_order) values (40, 14, 'WaitingForPayment', '2017-07-27');
insert into transaction (id, client_id, status, date_of_order) values (41, 15, 'WaitingForPayment', '2016-10-18');
insert into transaction (id, client_id, status, date_of_order) values (42, 5, 'WaitingForPayment', '2017-03-27');
insert into transaction (id, client_id, status, date_of_order) values (43, 2, 'WaitingForPayment', '2017-07-03');
insert into transaction (id, client_id, status, date_of_order) values (44, 9, 'WaitingForPayment', '2017-03-05');
insert into transaction (id, client_id, status, date_of_order) values (45, 14, 'WaitingForPayment', '2017-07-01');
insert into transaction (id, client_id, status, date_of_order) values (46, 4, 'WaitingForPayment', '2016-10-29');
insert into transaction (id, client_id, status, date_of_order) values (47, 3, 'WaitingForPayment', '2016-09-30');
insert into transaction (id, client_id, status, date_of_order) values (48, 2, 'WaitingForPayment', '2017-04-05');
insert into transaction (id, client_id, status, date_of_order) values (49, 17, 'WaitingForPayment', '2017-05-07');
insert into transaction (id, client_id, status, date_of_order) values (50, 8, 'WaitingForPayment', '2017-01-06');
insert into transaction (id, client_id, status, date_of_order) values (51, 13, 'WaitingForPayment', '2017-05-30');
insert into transaction (id, client_id, status, date_of_order) values (52, 1, 'WaitingForPayment', '2017-01-15');
insert into transaction (id, client_id, status, date_of_order) values (53, 14, 'WaitingForPayment', '2016-09-22');
insert into transaction (id, client_id, status, date_of_order) values (54, 2, 'WaitingForPayment', '2016-12-25');
insert into transaction (id, client_id, status, date_of_order) values (55, 5, 'WaitingForPayment', '2016-10-07');
insert into transaction (id, client_id, status, date_of_order) values (56, 15, 'WaitingForPayment', '2016-11-14');
insert into transaction (id, client_id, status, date_of_order) values (57, 6, 'InDeliver', '2017-07-24');
insert into transaction (id, client_id, status, date_of_order) values (58, 16, 'InDeliver', '2016-10-11');
insert into transaction (id, client_id, status, date_of_order) values (59, 2, 'InDeliver', '2016-10-30');
insert into transaction (id, client_id, status, date_of_order) values (60, 17, 'InDeliver', '2016-11-24');
insert into transaction (id, client_id, status, date_of_order) values (61, 16, 'InDeliver', '2017-05-13');
insert into transaction (id, client_id, status, date_of_order) values (62, 13, 'InDeliver', '2017-01-17');
insert into transaction (id, client_id, status, date_of_order) values (63, 5, 'InDeliver', '2017-04-03');
insert into transaction (id, client_id, status, date_of_order) values (64, 1, 'InDeliver', '2017-08-01');
insert into transaction (id, client_id, status, date_of_order) values (65, 10, 'InDeliver', '2016-11-28');
insert into transaction (id, client_id, status, date_of_order) values (66, 11, 'InDeliver', '2016-10-07');
insert into transaction (id, client_id, status, date_of_order) values (67, 20, 'InDeliver', '2017-04-02');
insert into transaction (id, client_id, status, date_of_order) values (68, 12, 'InDeliver', '2016-09-25');
insert into transaction (id, client_id, status, date_of_order) values (69, 6, 'InDeliver', '2017-05-16');
insert into transaction (id, client_id, status, date_of_order) values (70, 4, 'InDeliver', '2017-06-22');
insert into transaction (id, client_id, status, date_of_order) values (71, 9, 'InDeliver', '2016-11-01');
insert into transaction (id, client_id, status, date_of_order) values (72, 13, 'InDeliver', '2016-11-29');
insert into transaction (id, client_id, status, date_of_order) values (73, 3, 'InDeliver', '2017-02-02');
insert into transaction (id, client_id, status, date_of_order) values (74, 12, 'InDeliver', '2017-08-22');
insert into transaction (id, client_id, status, date_of_order) values (75, 17, 'InDeliver', '2016-08-27');
insert into transaction (id, client_id, status, date_of_order) values (76, 5, 'InProgress', '2016-09-30');
insert into transaction (id, client_id, status, date_of_order) values (77, 8, 'InProgress', '2016-11-30');
insert into transaction (id, client_id, status, date_of_order) values (78, 9, 'InProgress', '2016-12-14');
insert into transaction (id, client_id, status, date_of_order) values (79, 2, 'InProgress', '2017-02-27');
insert into transaction (id, client_id, status, date_of_order) values (80, 20, 'InProgress', '2017-01-23');
insert into transaction (id, client_id, status, date_of_order) values (81, 1, 'InProgress', '2016-08-25');
insert into transaction (id, client_id, status, date_of_order) values (82, 16, 'InProgress', '2017-07-11');
insert into transaction (id, client_id, status, date_of_order) values (83, 10, 'InProgress', '2017-08-18');
insert into transaction (id, client_id, status, date_of_order) values (84, 2, 'InProgress', '2017-03-13');
insert into transaction (id, client_id, status, date_of_order) values (85, 2, 'InProgress', '2017-02-15');
insert into transaction (id, client_id, status, date_of_order) values (86, 11, 'InProgress', '2017-06-24');
insert into transaction (id, client_id, status, date_of_order) values (87, 1, 'InProgress', '2017-01-08');
insert into transaction (id, client_id, status, date_of_order) values (88, 7, 'InProgress', '2016-12-29');
insert into transaction (id, client_id, status, date_of_order) values (89, 15, 'InProgress', '2017-04-19');
insert into transaction (id, client_id, status, date_of_order) values (90, 9, 'InProgress', '2017-02-11');
insert into transaction (id, client_id, status, date_of_order) values (91, 5, 'InProgress', '2017-05-30');
insert into transaction (id, client_id, status, date_of_order) values (92, 19, 'InProgress', '2016-09-22');
insert into transaction (id, client_id, status, date_of_order) values (93, 18, 'InProgress', '2017-04-04');
insert into transaction (id, client_id, status, date_of_order) values (94, 18, 'InProgress', '2016-08-30');
insert into transaction (id, client_id, status, date_of_order) values (95, 6, 'InProgress', '2017-01-16');
insert into transaction (id, client_id, status, date_of_order) values (96, 14, 'InProgress', '2017-02-05');
insert into transaction (id, client_id, status, date_of_order) values (97, 19, 'InProgress', '2017-07-26');
insert into transaction (id, client_id, status, date_of_order) values (98, 1, 'InProgress', '2017-04-01');
insert into transaction (id, client_id, status, date_of_order) values (99, 9, 'InProgress', '2016-08-27');
insert into transaction (id, client_id, status, date_of_order) values (100, 16, 'InProgress', '2017-05-19');



insert into transactions_details (id, large, product_id, transaction_id) values (1, 11, 7, 53);
insert into transactions_details (id, large, product_id, transaction_id) values (2, 6, 26, 42);
insert into transactions_details (id, large, product_id, transaction_id) values (3, 10, 30, 66);
insert into transactions_details (id, large, product_id, transaction_id) values (4, 20, 38, 75);
insert into transactions_details (id, large, product_id, transaction_id) values (5, 12, 23, 38);
insert into transactions_details (id, large, product_id, transaction_id) values (6, 1, 29, 45);
insert into transactions_details (id, large, product_id, transaction_id) values (7, 7, 31, 78);
insert into transactions_details (id, large, product_id, transaction_id) values (8, 16, 39, 75);
insert into transactions_details (id, large, product_id, transaction_id) values (9, 7, 1, 22);
insert into transactions_details (id, large, product_id, transaction_id) values (10, 18, 30, 99);
insert into transactions_details (id, large, product_id, transaction_id) values (11, 5, 18, 57);
insert into transactions_details (id, large, product_id, transaction_id) values (12, 1, 9, 69);
insert into transactions_details (id, large, product_id, transaction_id) values (13, 17, 17, 77);
insert into transactions_details (id, large, product_id, transaction_id) values (14, 8, 43, 35);
insert into transactions_details (id, large, product_id, transaction_id) values (15, 19, 1, 9);
insert into transactions_details (id, large, product_id, transaction_id) values (16, 11, 9, 67);
insert into transactions_details (id, large, product_id, transaction_id) values (17, 3, 37, 87);
insert into transactions_details (id, large, product_id, transaction_id) values (18, 15, 28, 47);
insert into transactions_details (id, large, product_id, transaction_id) values (19, 18, 15, 90);
insert into transactions_details (id, large, product_id, transaction_id) values (20, 10, 31, 93);
insert into transactions_details (id, large, product_id, transaction_id) values (21, 19, 34, 57);
insert into transactions_details (id, large, product_id, transaction_id) values (22, 10, 40, 16);
insert into transactions_details (id, large, product_id, transaction_id) values (23, 14, 7, 36);
insert into transactions_details (id, large, product_id, transaction_id) values (24, 10, 21, 71);
insert into transactions_details (id, large, product_id, transaction_id) values (25, 3, 31, 30);
insert into transactions_details (id, large, product_id, transaction_id) values (26, 10, 31, 55);
insert into transactions_details (id, large, product_id, transaction_id) values (27, 12, 23, 100);
insert into transactions_details (id, large, product_id, transaction_id) values (28, 16, 20, 70);
insert into transactions_details (id, large, product_id, transaction_id) values (29, 17, 11, 88);
insert into transactions_details (id, large, product_id, transaction_id) values (30, 2, 14, 67);
insert into transactions_details (id, large, product_id, transaction_id) values (31, 13, 29, 56);
insert into transactions_details (id, large, product_id, transaction_id) values (32, 16, 20, 90);
insert into transactions_details (id, large, product_id, transaction_id) values (33, 12, 29, 29);
insert into transactions_details (id, large, product_id, transaction_id) values (34, 11, 18, 70);
insert into transactions_details (id, large, product_id, transaction_id) values (35, 10, 23, 34);
insert into transactions_details (id, large, product_id, transaction_id) values (36, 19, 50, 11);
insert into transactions_details (id, large, product_id, transaction_id) values (37, 16, 33, 3);
insert into transactions_details (id, large, product_id, transaction_id) values (38, 10, 11, 33);
insert into transactions_details (id, large, product_id, transaction_id) values (39, 4, 13, 15);
insert into transactions_details (id, large, product_id, transaction_id) values (40, 16, 18, 46);
insert into transactions_details (id, large, product_id, transaction_id) values (41, 18, 46, 84);
insert into transactions_details (id, large, product_id, transaction_id) values (42, 18, 42, 65);
insert into transactions_details (id, large, product_id, transaction_id) values (43, 4, 41, 50);
insert into transactions_details (id, large, product_id, transaction_id) values (44, 8, 50, 37);
insert into transactions_details (id, large, product_id, transaction_id) values (45, 4, 5, 14);
insert into transactions_details (id, large, product_id, transaction_id) values (46, 17, 22, 52);
insert into transactions_details (id, large, product_id, transaction_id) values (47, 9, 39, 76);
insert into transactions_details (id, large, product_id, transaction_id) values (48, 3, 14, 9);
insert into transactions_details (id, large, product_id, transaction_id) values (49, 18, 38, 11);
insert into transactions_details (id, large, product_id, transaction_id) values (50, 11, 9, 61);
insert into transactions_details (id, large, product_id, transaction_id) values (51, 3, 15, 49);
insert into transactions_details (id, large, product_id, transaction_id) values (52, 14, 16, 4);
insert into transactions_details (id, large, product_id, transaction_id) values (53, 14, 11, 46);
insert into transactions_details (id, large, product_id, transaction_id) values (54, 16, 5, 82);
insert into transactions_details (id, large, product_id, transaction_id) values (55, 3, 4, 37);
insert into transactions_details (id, large, product_id, transaction_id) values (56, 9, 40, 33);
insert into transactions_details (id, large, product_id, transaction_id) values (57, 12, 3, 40);
insert into transactions_details (id, large, product_id, transaction_id) values (58, 1, 35, 67);
insert into transactions_details (id, large, product_id, transaction_id) values (59, 20, 22, 12);
insert into transactions_details (id, large, product_id, transaction_id) values (60, 19, 11, 73);
insert into transactions_details (id, large, product_id, transaction_id) values (61, 2, 20, 27);
insert into transactions_details (id, large, product_id, transaction_id) values (62, 16, 16, 76);
insert into transactions_details (id, large, product_id, transaction_id) values (63, 14, 47, 45);
insert into transactions_details (id, large, product_id, transaction_id) values (64, 18, 17, 74);
insert into transactions_details (id, large, product_id, transaction_id) values (65, 12, 34, 38);
insert into transactions_details (id, large, product_id, transaction_id) values (66, 13, 18, 23);
insert into transactions_details (id, large, product_id, transaction_id) values (67, 12, 10, 90);
insert into transactions_details (id, large, product_id, transaction_id) values (68, 17, 7, 66);
insert into transactions_details (id, large, product_id, transaction_id) values (69, 9, 37, 23);
insert into transactions_details (id, large, product_id, transaction_id) values (70, 18, 41, 70);
insert into transactions_details (id, large, product_id, transaction_id) values (71, 12, 37, 45);
insert into transactions_details (id, large, product_id, transaction_id) values (72, 9, 32, 46);
insert into transactions_details (id, large, product_id, transaction_id) values (73, 3, 41, 2);
insert into transactions_details (id, large, product_id, transaction_id) values (74, 3, 42, 20);
insert into transactions_details (id, large, product_id, transaction_id) values (75, 12, 25, 19);
insert into transactions_details (id, large, product_id, transaction_id) values (76, 4, 28, 25);
insert into transactions_details (id, large, product_id, transaction_id) values (77, 15, 20, 12);
insert into transactions_details (id, large, product_id, transaction_id) values (78, 18, 44, 69);
insert into transactions_details (id, large, product_id, transaction_id) values (79, 3, 41, 36);
insert into transactions_details (id, large, product_id, transaction_id) values (80, 5, 39, 26);
insert into transactions_details (id, large, product_id, transaction_id) values (81, 12, 31, 92);
insert into transactions_details (id, large, product_id, transaction_id) values (82, 8, 28, 12);
insert into transactions_details (id, large, product_id, transaction_id) values (83, 4, 42, 89);
insert into transactions_details (id, large, product_id, transaction_id) values (84, 2, 50, 65);
insert into transactions_details (id, large, product_id, transaction_id) values (85, 16, 3, 40);
insert into transactions_details (id, large, product_id, transaction_id) values (86, 19, 18, 99);
insert into transactions_details (id, large, product_id, transaction_id) values (87, 2, 24, 97);
insert into transactions_details (id, large, product_id, transaction_id) values (88, 14, 36, 95);
insert into transactions_details (id, large, product_id, transaction_id) values (89, 9, 41, 70);
insert into transactions_details (id, large, product_id, transaction_id) values (90, 8, 45, 81);
insert into transactions_details (id, large, product_id, transaction_id) values (91, 10, 39, 84);
insert into transactions_details (id, large, product_id, transaction_id) values (92, 19, 4, 15);
insert into transactions_details (id, large, product_id, transaction_id) values (93, 14, 21, 12);
insert into transactions_details (id, large, product_id, transaction_id) values (94, 10, 46, 4);
insert into transactions_details (id, large, product_id, transaction_id) values (95, 11, 50, 61);
insert into transactions_details (id, large, product_id, transaction_id) values (96, 6, 16, 86);
insert into transactions_details (id, large, product_id, transaction_id) values (97, 10, 39, 66);
insert into transactions_details (id, large, product_id, transaction_id) values (98, 1, 29, 39);
insert into transactions_details (id, large, product_id, transaction_id) values (99, 3, 45, 79);
insert into transactions_details (id, large, product_id, transaction_id) values (100, 14, 35, 18);
insert into transactions_details (id, large, product_id, transaction_id) values (101, 17, 48, 67);
insert into transactions_details (id, large, product_id, transaction_id) values (102, 16, 10, 26);
insert into transactions_details (id, large, product_id, transaction_id) values (103, 6, 26, 51);
insert into transactions_details (id, large, product_id, transaction_id) values (104, 1, 19, 95);
insert into transactions_details (id, large, product_id, transaction_id) values (105, 13, 17, 37);
insert into transactions_details (id, large, product_id, transaction_id) values (106, 12, 49, 42);
insert into transactions_details (id, large, product_id, transaction_id) values (107, 1, 39, 92);
insert into transactions_details (id, large, product_id, transaction_id) values (108, 5, 31, 86);
insert into transactions_details (id, large, product_id, transaction_id) values (109, 7, 24, 67);
insert into transactions_details (id, large, product_id, transaction_id) values (110, 15, 50, 49);
insert into transactions_details (id, large, product_id, transaction_id) values (111, 17, 6, 12);
insert into transactions_details (id, large, product_id, transaction_id) values (112, 10, 23, 44);
insert into transactions_details (id, large, product_id, transaction_id) values (113, 8, 34, 78);
insert into transactions_details (id, large, product_id, transaction_id) values (114, 9, 45, 91);
insert into transactions_details (id, large, product_id, transaction_id) values (115, 11, 10, 15);
insert into transactions_details (id, large, product_id, transaction_id) values (116, 2, 29, 46);
insert into transactions_details (id, large, product_id, transaction_id) values (117, 17, 3, 14);
insert into transactions_details (id, large, product_id, transaction_id) values (118, 13, 22, 58);
insert into transactions_details (id, large, product_id, transaction_id) values (119, 14, 36, 28);
insert into transactions_details (id, large, product_id, transaction_id) values (120, 3, 23, 61);
insert into transactions_details (id, large, product_id, transaction_id) values (121, 7, 21, 24);
insert into transactions_details (id, large, product_id, transaction_id) values (122, 10, 43, 64);
insert into transactions_details (id, large, product_id, transaction_id) values (123, 13, 22, 65);
insert into transactions_details (id, large, product_id, transaction_id) values (124, 10, 15, 29);
insert into transactions_details (id, large, product_id, transaction_id) values (125, 6, 6, 52);
insert into transactions_details (id, large, product_id, transaction_id) values (126, 18, 18, 92);
insert into transactions_details (id, large, product_id, transaction_id) values (127, 14, 4, 58);
insert into transactions_details (id, large, product_id, transaction_id) values (128, 1, 24, 87);
insert into transactions_details (id, large, product_id, transaction_id) values (129, 20, 24, 84);
insert into transactions_details (id, large, product_id, transaction_id) values (130, 15, 17, 4);
insert into transactions_details (id, large, product_id, transaction_id) values (131, 15, 15, 62);
insert into transactions_details (id, large, product_id, transaction_id) values (132, 20, 7, 32);
insert into transactions_details (id, large, product_id, transaction_id) values (133, 17, 6, 9);
insert into transactions_details (id, large, product_id, transaction_id) values (134, 18, 12, 50);
insert into transactions_details (id, large, product_id, transaction_id) values (135, 6, 14, 63);
insert into transactions_details (id, large, product_id, transaction_id) values (136, 17, 9, 7);
insert into transactions_details (id, large, product_id, transaction_id) values (137, 14, 26, 60);
insert into transactions_details (id, large, product_id, transaction_id) values (138, 16, 10, 37);
insert into transactions_details (id, large, product_id, transaction_id) values (139, 20, 24, 55);
insert into transactions_details (id, large, product_id, transaction_id) values (140, 14, 9, 72);
insert into transactions_details (id, large, product_id, transaction_id) values (141, 17, 2, 38);
insert into transactions_details (id, large, product_id, transaction_id) values (142, 14, 17, 24);
insert into transactions_details (id, large, product_id, transaction_id) values (143, 19, 8, 7);
insert into transactions_details (id, large, product_id, transaction_id) values (144, 4, 50, 53);
insert into transactions_details (id, large, product_id, transaction_id) values (145, 2, 47, 66);
insert into transactions_details (id, large, product_id, transaction_id) values (146, 9, 2, 82);
insert into transactions_details (id, large, product_id, transaction_id) values (147, 19, 48, 47);
insert into transactions_details (id, large, product_id, transaction_id) values (148, 20, 14, 20);
insert into transactions_details (id, large, product_id, transaction_id) values (149, 19, 29, 90);
insert into transactions_details (id, large, product_id, transaction_id) values (150, 11, 40, 36);
insert into transactions_details (id, large, product_id, transaction_id) values (151, 18, 11, 78);
insert into transactions_details (id, large, product_id, transaction_id) values (152, 19, 17, 80);
insert into transactions_details (id, large, product_id, transaction_id) values (153, 5, 22, 89);
insert into transactions_details (id, large, product_id, transaction_id) values (154, 3, 45, 23);
insert into transactions_details (id, large, product_id, transaction_id) values (155, 20, 32, 69);
insert into transactions_details (id, large, product_id, transaction_id) values (156, 10, 34, 99);
insert into transactions_details (id, large, product_id, transaction_id) values (157, 10, 19, 32);
insert into transactions_details (id, large, product_id, transaction_id) values (158, 12, 13, 50);
insert into transactions_details (id, large, product_id, transaction_id) values (159, 1, 42, 19);
insert into transactions_details (id, large, product_id, transaction_id) values (160, 1, 5, 71);
insert into transactions_details (id, large, product_id, transaction_id) values (161, 5, 3, 7);
insert into transactions_details (id, large, product_id, transaction_id) values (162, 17, 15, 83);
insert into transactions_details (id, large, product_id, transaction_id) values (163, 18, 14, 80);
insert into transactions_details (id, large, product_id, transaction_id) values (164, 10, 28, 67);
insert into transactions_details (id, large, product_id, transaction_id) values (165, 12, 24, 89);
insert into transactions_details (id, large, product_id, transaction_id) values (166, 9, 32, 36);
insert into transactions_details (id, large, product_id, transaction_id) values (167, 4, 16, 53);
insert into transactions_details (id, large, product_id, transaction_id) values (168, 20, 44, 89);
insert into transactions_details (id, large, product_id, transaction_id) values (169, 14, 16, 25);
insert into transactions_details (id, large, product_id, transaction_id) values (170, 6, 11, 71);
insert into transactions_details (id, large, product_id, transaction_id) values (171, 12, 30, 11);
insert into transactions_details (id, large, product_id, transaction_id) values (172, 10, 21, 62);
insert into transactions_details (id, large, product_id, transaction_id) values (173, 8, 6, 91);
insert into transactions_details (id, large, product_id, transaction_id) values (174, 18, 12, 7);
insert into transactions_details (id, large, product_id, transaction_id) values (175, 18, 29, 54);
insert into transactions_details (id, large, product_id, transaction_id) values (176, 8, 11, 13);
insert into transactions_details (id, large, product_id, transaction_id) values (177, 3, 21, 98);
insert into transactions_details (id, large, product_id, transaction_id) values (178, 1, 5, 71);
insert into transactions_details (id, large, product_id, transaction_id) values (179, 17, 19, 12);
insert into transactions_details (id, large, product_id, transaction_id) values (180, 10, 35, 56);
insert into transactions_details (id, large, product_id, transaction_id) values (181, 12, 30, 66);
insert into transactions_details (id, large, product_id, transaction_id) values (182, 3, 50, 14);
insert into transactions_details (id, large, product_id, transaction_id) values (183, 17, 7, 88);
insert into transactions_details (id, large, product_id, transaction_id) values (184, 2, 3, 54);
insert into transactions_details (id, large, product_id, transaction_id) values (185, 2, 19, 61);
insert into transactions_details (id, large, product_id, transaction_id) values (186, 4, 28, 39);
insert into transactions_details (id, large, product_id, transaction_id) values (187, 13, 26, 4);
insert into transactions_details (id, large, product_id, transaction_id) values (188, 13, 17, 36);
insert into transactions_details (id, large, product_id, transaction_id) values (189, 4, 11, 10);
insert into transactions_details (id, large, product_id, transaction_id) values (190, 12, 17, 80);
insert into transactions_details (id, large, product_id, transaction_id) values (191, 2, 2, 37);
insert into transactions_details (id, large, product_id, transaction_id) values (192, 9, 50, 83);
insert into transactions_details (id, large, product_id, transaction_id) values (193, 15, 48, 66);
insert into transactions_details (id, large, product_id, transaction_id) values (194, 12, 21, 6);
insert into transactions_details (id, large, product_id, transaction_id) values (195, 1, 1, 87);
insert into transactions_details (id, large, product_id, transaction_id) values (196, 6, 45, 19);
insert into transactions_details (id, large, product_id, transaction_id) values (197, 1, 13, 11);
insert into transactions_details (id, large, product_id, transaction_id) values (198, 18, 5, 3);
insert into transactions_details (id, large, product_id, transaction_id) values (199, 9, 14, 76);
insert into transactions_details (id, large, product_id, transaction_id) values (200, 1, 16, 33);
insert into transactions_details (id, large, product_id, transaction_id) values (201, 5, 42, 20);
